id,amount,startTime,endTime,settled,bidder
1,613370000000000000000,1628442409,1628531169,True,{'id': '0x2536c09e5f5691498805884fa37811be3b2bddb4'}
2,69690000000000000000,1628531228,1628617628,True,{'id': '0xae7f458667f1b30746354abc3157907d9f6fd15e'}
3,36690000000000000000,1628617690,1628704989,True,{'id': '0xeb1c22baacafac7836f20f684c946228401ff01c'}
4,45000000000000000000,1628705130,1628791991,True,{'id': '0x68f9d801c96ac6ccf562f3600cef77c4504449b6'}
5,50000000000000000000,1628792090,1628878879,True,{'id': '0xf0ccf93438aebc3065cef29e013fc5f4835c4780'}
6,85000000000000000000,1628878904,1628966590,True,{'id': '0x2124bf73abd9a1a8d2d23633ccc28972da90c20d'}
7,125000000000000000000,1628966606,1629054218,True,{'id': '0xca6caedcc79d4d6541b3f82dc7754a14d9b196f8'}
8,95000000000000000000,1629056139,1629142539,True,{'id': '0x54be3a794282c030b15e43ae2bb182e14c409c5e'}
9,155000000000000000000,1629142627,1629230449,True,{'id': '0x0c9e1b96ac2c254d099e160edfcd015d6442db86'}
11,113332200000000000000,1629230568,1629316968,True,{'id': '0xd6ba6f10c981cc8c6c8244ec7d7dc5bd81865333'}
12,126480000000000000000,1629317081,1629404948,True,{'id': '0x008c84421da5527f462886cec43d2717b686a7e4'}
13,128130000000000000000,1629405025,1629491844,True,{'id': '0x912a526852527dfb5d44c22a15b708aa493cda6b'}
14,144440000000000000000,1629491939,1629579319,True,{'id': '0x1254958bd5073c6b238e516298f0c48f6f60a78e'}
15,118000000000000000000,1629579363,1629666393,True,{'id': '0x2536c09e5f5691498805884fa37811be3b2bddb4'}
16,168880000000000000000,1629666427,1629753883,True,{'id': '0xa58899bbc983781d47c7dd5a6b8aeef53cd34bbc'}
17,140000000000000000000,1629753952,1629841280,True,{'id': '0xd049b3064990869c9f73bd7896271d83325d2067'}
18,175180000000000000000,1629841445,1629928329,True,{'id': '0xc3b80922832450aabafe6aae8a6aaf1e5e6158ea'}
19,138720000000000000000,1629928377,1630015743,True,{'id': '0xed345b69b68086d2dfca17fc87e0e8909b858dd3'}
21,200000000000000000000,1630015799,1630102575,True,{'id': '0xaee8c60ff7e8947ad514c4310e0f2e203194c33f'}
22,170690000000000000000,1630103369,1630189900,True,{'id': '0xbb34b41d5615c44e2cae4f80a447feb02b636b66'}
23,198000000000000000000,1630189959,1630277351,True,{'id': '0x9646e0f7544b8ee3649e7ac77eef0cf5b53b748a'}
24,194000000000000000000,1630277372,1630364897,True,{'id': '0x180e0db5c0c3204520a96c6d77c94402b5001241'}
25,195000000000000000000,1630364924,1630452317,True,{'id': '0x32dd0756316b31d731aa6ae0f60b9b560e0ed92c'}
26,235500000000000000000,1630452361,1630540532,True,{'id': '0xbb67d2ab6251a6bd5276759cb431088c5487a3b2'}
27,245000000000000000000,1630540794,1630628867,True,{'id': '0x33daf8e90cd1f214cc25a1865649e847254f2ece'}
28,180000000000000000000,1630629066,1630716918,True,{'id': '0xca04e939a0ac0626c4a4299735e353e8dc5ef3ec'}
29,180000000000000000000,1630716961,1630803443,True,{'id': '0xd049b3064990869c9f73bd7896271d83325d2067'}
31,140000000000000000000,1630803582,1630891137,True,{'id': '0xb6c5b1a489606028da263eda28063186f96fa921'}
32,150690000000000000000,1630891375,1630979334,True,{'id': '0x6f9e3976fa3b5b22761fe5d635e1f0d9d9aeb85d'}
33,199690000000000000000,1630979414,1631067532,True,{'id': '0xae7f458667f1b30746354abc3157907d9f6fd15e'}
34,140000000000000000000,1631067818,1631154218,True,{'id': '0x28d804bf2212e220bc2b7b6252993db8286df07f'}
35,127000000000000000000,1631154964,1631241364,True,{'id': '0xf8d24586f793fab81248f0b23f47e5b6bc0a6c9a'}
36,200000000000000000000,1631241712,1631328112,True,{'id': '0x17beaa158e68ff9225b4c85151831c7a0d8f258d'}
37,130000000000000000000,1631328154,1631414554,True,{'id': '0xa345291396612c6dbe5180675405afdb7a38bd95'}
38,138000000000000000000,1631414643,1631502303,True,{'id': '0xf8d24586f793fab81248f0b23f47e5b6bc0a6c9a'}
39,170000000000000000000,1631502776,1631590211,True,{'id': '0x9e3421274fb4053a83917d62bd368332e9e71fe0'}
41,144440000000000000000,1631590258,1631677692,True,{'id': '0x26648e3f7c7b12e55f6637f4bb5bd75314af943a'}
42,133700000000000000000,1631680132,1631768223,True,{'id': '0xf8d24586f793fab81248f0b23f47e5b6bc0a6c9a'}
43,148000000000000000000,1631768708,1631856089,True,{'id': '0xd049b3064990869c9f73bd7896271d83325d2067'}
44,130560000000000000000,1631856184,1631942584,True,{'id': '0xa8b4367f09e63a5234abd14f5ef6868b1aed0e7d'}
45,155000000000000000000,1631942690,1632029709,True,{'id': '0xa8b4367f09e63a5234abd14f5ef6868b1aed0e7d'}
46,141000000000000000000,1632029857,1632117207,True,{'id': '0xf8d24586f793fab81248f0b23f47e5b6bc0a6c9a'}
47,269690000000000000000,1632117684,1632205478,True,{'id': '0xae7f458667f1b30746354abc3157907d9f6fd15e'}
48,107000000000000000000,1632205921,1632293384,True,{'id': '0xf8d24586f793fab81248f0b23f47e5b6bc0a6c9a'}
49,125000000000000000000,1632293695,1632380300,True,{'id': '0xf8d24586f793fab81248f0b23f47e5b6bc0a6c9a'}
51,140500000000000000000,1632380382,1632467345,True,{'id': '0xa387c87102fc0b51939d0cf9a86f7edd05291d5c'}
52,125000000000000000000,1632467679,1632556267,True,{'id': '0x6c0cf880cb20eefabfb09341fba9e2bd29ad3dfa'}
53,165120000000000000000,1632558206,1632646338,True,{'id': '0x4d9b5696a8afed6b65f92b1b86ccf90c7561ae56'}
54,131310000000000000000,1632646359,1632732868,True,{'id': '0xa5960ad956acbb8addebdc29e5bee014f201d8bd'}
55,128500000000000000000,1632733017,1632819417,True,{'id': '0x9cb8c1463471ee4d8dd6887035f4835a1745e92a'}
56,100000000000000000000,1632823698,1632910235,True,{'id': '0x2e5ccffbae934a9cb7e061fca7af01946e4e550e'}
57,101690000000000000000,1632910261,1632996674,True,{'id': '0x3509e511e9a40714b5d40348ace1e88ecf32e5a5'}
58,158000000000000000000,1632996683,1633083454,True,{'id': '0xa8b4367f09e63a5234abd14f5ef6868b1aed0e7d'}
59,115000000000000000000,1633083474,1633170418,True,{'id': '0xf3d5e8f1cb8cc717661d6a8e692b60cdd1b45ca2'}
61,120000000000000000000,1633170425,1633256825,True,{'id': '0x37b45293aaf561a2cdf9e260bf984b643dd3699a'}
62,140000000000000000000,1633256847,1633344315,True,{'id': '0x696ed7b26f4b019ceec78dc8b9140ad64a6f354b'}
63,160000000000000000000,1633344317,1633431961,True,{'id': '0x020ca66c30bec2c4fe3861a94e4db4a498a35872'}
64,198000000000000000000,1633431966,1633519243,True,{'id': '0x020ca66c30bec2c4fe3861a94e4db4a498a35872'}
65,192000000000000000000,1633519249,1633606489,True,{'id': '0xa4c8d9e4ec5f2831701a81389465498b83f9457d'}
66,153000000000000000000,1633606501,1633692901,True,{'id': '0xef6af01be706df2e3d1dc66f8ae360c913f49a74'}
67,200000000000000000000,1633692904,1633780012,True,{'id': '0xec7641e298af02c19171451381c570327389b0c2'}
68,204000000000000000000,1633780029,1633867383,True,{'id': '0x3dbdf1a202d21aac3309d91dacfcef84b8873f7a'}
69,313690000000000000000,1633867388,1633953909,True,{'id': '0x020ca66c30bec2c4fe3861a94e4db4a498a35872'}
71,175000000000000000000,1633954189,1634040589,True,{'id': '0x020ca66c30bec2c4fe3861a94e4db4a498a35872'}
72,200690000000000000000,1634041136,1634127788,True,{'id': '0xfb216faf1b1650c26b0cfdf879379ba46c3da66b'}
73,201000000000000000000,1634127898,1634214298,True,{'id': '0x696ed7b26f4b019ceec78dc8b9140ad64a6f354b'}
74,252700000000000000000,1634214303,1634301693,True,{'id': '0x198ad6c547d20d70f2f656a4f48e6c7cfb7b4325'}
75,192000000000000000000,1634301780,1634388180,True,{'id': '0xcc8e3600356b62baa44100a5f2e61aa2c7bc68c2'}
76,178500000000000000000,1634389433,1634475981,True,{'id': '0x696ed7b26f4b019ceec78dc8b9140ad64a6f354b'}
77,200690000000000000000,1634477258,1634563722,True,{'id': '0x3612b2e93b49f6c797066ca8c38b7f522b32c7cb'}
78,210000000000000000000,1634563855,1634651539,True,{'id': '0x696ed7b26f4b019ceec78dc8b9140ad64a6f354b'}
79,195000000000000000000,1634651986,1634739246,True,{'id': '0xea9e9ae3bd4a7f771eec5193c0498f90fe2d53e3'}
81,185000000000000000000,1634739373,1634826383,True,{'id': '0xeac1c57ea577e480e8a59db6eb05d41ea0716e8b'}
82,211820000000000000000,1634826667,1634913559,True,{'id': '0xbb34b41d5615c44e2cae4f80a447feb02b636b66'}
83,160000000000000000000,1634913706,1635000455,True,{'id': '0x43a330dec81bbd5e21f41c6b8354e54d481efc93'}
84,200000000000000000000,1635001064,1635089557,True,{'id': '0x1e267dc94135ce1bcbc0d840510daf5ae6f34c44'}
85,200990000000000000000,1635089707,1635176798,True,{'id': '0x6a693a682f8cfea669c3170814d875107cb3accb'}
86,162000000000000000000,1635176926,1635263613,True,{'id': '0x370ceca4fc1287ed99924bba76259f6c771a6022'}
87,160000000000000000000,1635265403,1635351957,True,{'id': '0xa96e4bb2ad4233822d8b64c511a7359d4bc55617'}
88,229690000000000000000,1635356382,1635444322,True,{'id': '0x0f576fe0a916ca39ee929f0cc956cfc9d2a59c12'}
89,155000000000000000000,1635447589,1635534118,True,{'id': '0x6f77c19c3d4d741c10ed8c97d897adbd7862d5fd'}
91,146000000000000000000,1635534477,1635620877,True,{'id': '0xeac1c57ea577e480e8a59db6eb05d41ea0716e8b'}
92,137700000000000000000,1635622699,1635709567,True,{'id': '0x696ed7b26f4b019ceec78dc8b9140ad64a6f354b'}
93,133690000000000000000,1635710321,1635797058,True,{'id': '0x38a4d889a1979133fbc1d58f970f0953e3715c26'}
94,104200000000000000000,1635798394,1635885068,True,{'id': '0x42f3f76ba5202d7a4c48fd428b5613c657689bcc'}
95,97690000000000000000,1635885091,1635971491,True,{'id': '0xfe2f279d3679bac2d07cf46c93503410ef9ca448'}
96,95000000000000000000,1635971723,1636058942,True,{'id': '0x3c339ae4cd870596e4ffc313a9a262519e7b08ec'}
97,73690000000000000000,1636059028,1636145428,True,{'id': '0x1ff2875cd548eeae6d22f26bae2d72a50fd143c7'}
98,105770000000000000000,1636146239,1636233050,True,{'id': '0xa4c8d9e4ec5f2831701a81389465498b83f9457d'}
99,232000000000000000000,1636233107,1636322479,True,{'id': '0x43a330dec81bbd5e21f41c6b8354e54d481efc93'}
101,80000000000000000000,1636322643,1636409043,True,{'id': '0xea287d45502d86bee63293e8ca38678e1d5395fd'}
102,83870000000000000000,1636409065,1636495465,True,{'id': '0x4680cb63563472cac10236c07d288580d8d7b52a'}
103,78230000000000000000,1636497582,1636584101,True,{'id': '0x4680cb63563472cac10236c07d288580d8d7b52a'}
104,80150000000000000000,1636584195,1636671284,True,{'id': '0x696ed7b26f4b019ceec78dc8b9140ad64a6f354b'}
105,74180000000000000000,1636671454,1636757854,True,{'id': '0x4680cb63563472cac10236c07d288580d8d7b52a'}
106,71090000000000000000,1636758555,1636845446,True,{'id': '0xfe2f279d3679bac2d07cf46c93503410ef9ca448'}
107,71000000000000000000,1636845631,1636932031,True,{'id': '0x14dfdd3613054ddb14af2fa51c8a75e17dade764'}
108,63470000000000000000,1636932352,1637018752,True,{'id': '0x14dfdd3613054ddb14af2fa51c8a75e17dade764'}
109,69000000000000000000,1637019989,1637106389,True,{'id': '0xaca3b4110403f3c4dacb35a7b3aa0a84efb6a3e9'}
111,88690000000000000000,1637106530,1637193775,True,{'id': '0x0f576fe0a916ca39ee929f0cc956cfc9d2a59c12'}
112,82330000000000000000,1637197757,1637284884,True,{'id': '0x696ed7b26f4b019ceec78dc8b9140ad64a6f354b'}
113,75000000000000000000,1637286107,1637372507,True,{'id': '0xd266c194e126d4fcfc85e8c665ed7f668f6aae93'}
114,73330000000000000000,1637373392,1637459792,True,{'id': '0x696ed7b26f4b019ceec78dc8b9140ad64a6f354b'}
115,64990000000000000000,1637459994,1637546394,True,{'id': '0x696ed7b26f4b019ceec78dc8b9140ad64a6f354b'}
116,86660000000000000000,1637547128,1637634296,True,{'id': '0x021edd67d43b365a6401a5ee704aa6f264f3f4e4'}
117,69690000000000000000,1637638372,1637724861,True,{'id': '0x83fcfe8ba2fece9578f0bbafed4ebf5e915045b9'}
118,99990000000000000000,1637726692,1637813092,True,{'id': '0xf504211d774c9b7d4c61959d6fe773d250a44dcf'}
119,71690000000000000000,1637815735,1637902233,True,{'id': '0x91dccaa260cc4616e1a6e6b693db7207c5e42937'}
121,53000000000000000000,1637902835,1637990237,True,{'id': '0xeac1c57ea577e480e8a59db6eb05d41ea0716e8b'}
122,41000000000000000000,1637990400,1638076886,True,{'id': '0xeac1c57ea577e480e8a59db6eb05d41ea0716e8b'}
123,67500000000000000000,1638078072,1638165382,True,{'id': '0x5382859146010ac16e142b6708f8e178e77f66bc'}
124,41300000000000000000,1638165562,1638252233,True,{'id': '0xa15279215e2adb0d6abc2874f040d0800a1d9b8e'}
125,40000000000000000000,1638252339,1638339311,True,{'id': '0x5382859146010ac16e142b6708f8e178e77f66bc'}
126,44440000000000000000,1638339559,1638425959,True,{'id': '0xf504211d774c9b7d4c61959d6fe773d250a44dcf'}
127,24200000000000000000,1638426242,1638512673,True,{'id': '0x4680cb63563472cac10236c07d288580d8d7b52a'}
128,45380000000000000000,1638512697,1638600534,True,{'id': '0x5382859146010ac16e142b6708f8e178e77f66bc'}
129,69000000000000000000,1638601771,1638688874,True,{'id': '0xcda92962a2fb878ac25548861d38420fd42e4676'}
131,53750000000000000000,1638688954,1638775354,True,{'id': '0xf548e317e87434b1657f84dd57dea0c9d31b502f'}
132,54770000000000000000,1638775387,1638861787,True,{'id': '0x5382859146010ac16e142b6708f8e178e77f66bc'}
133,62890000000000000000,1638861838,1638948238,True,{'id': '0xfcbca52b23db28470eb97680d18e988d8b60b608'}
134,49690000000000000000,1638948501,1639034901,True,{'id': '0x696ed7b26f4b019ceec78dc8b9140ad64a6f354b'}
135,48000000000000000000,1639035567,1639121967,True,{'id': '0x9cb8c1463471ee4d8dd6887035f4835a1745e92a'}
136,60000000000000000000,1639124424,1639210824,True,{'id': '0x4c00f62943546975354d3460d1759189460b44e7'}
137,49000000000000000000,1639214562,1639301998,True,{'id': '0x36a5bc205df1ed65c86301022cfc343a6ce546ff'}
138,39280000000000000000,1639302040,1639389323,True,{'id': '0x98d0ef0bb5a3908b6b3942e838ea40161dae555d'}
139,36440000000000000000,1639389337,1639476654,True,{'id': '0xd1977351532fe19c43d8b3e209570c3df02d2241'}
141,46500000000000000000,1639476703,1639563363,True,{'id': '0x81974c1a09e53c5129c6e4f74e547fda0adf4d2d'}
142,33660000000000000000,1639563397,1639649797,True,{'id': '0x5382859146010ac16e142b6708f8e178e77f66bc'}
143,32046000000000000000,1639650104,1639736791,True,{'id': '0xd33f519291a5ba56da1351243789c91a9c2a319e'}
144,34690000000000000000,1639737177,1639823577,True,{'id': '0x696ed7b26f4b019ceec78dc8b9140ad64a6f354b'}
145,34380000000000000000,1639825211,1639911814,True,{'id': '0x1977c4b06a76c160eff920c67fbc0635124364c8'}
146,40340000000000000000,1639911860,1639998918,True,{'id': '0x6924686b3dcd04ae8ef91a3feccc262d020f519d'}
147,44440000000000000000,1639998965,1640085365,True,{'id': '0xf476cd75be8fdd197ae0b466a2ec2ae44da41897'}
148,37460000000000000000,1640086614,1640173680,True,{'id': '0xd879600d6e58ed385c9af4cad15bdf78a58889ae'}
149,49250000000000000000,1640173747,1640261596,True,{'id': '0x4754b7e3dede42d71d6c92978f25f306176ec7e9'}
151,63700000000000000000,1640261643,1640349642,True,{'id': '0x4754b7e3dede42d71d6c92978f25f306176ec7e9'}
152,65690000000000000000,1640349706,1640436977,True,{'id': '0xf0d6999725115e3ead3d927eb3329d63afaec09b'}
153,38000000000000000000,1640437046,1640523493,True,{'id': '0x4754b7e3dede42d71d6c92978f25f306176ec7e9'}
154,51000000000000000000,1640523507,1640611259,True,{'id': '0x4754b7e3dede42d71d6c92978f25f306176ec7e9'}
155,42690000000000000000,1640611817,1640698217,True,{'id': '0x4754b7e3dede42d71d6c92978f25f306176ec7e9'}
156,49690000000000000000,1640698260,1640785076,True,{'id': '0x008c84421da5527f462886cec43d2717b686a7e4'}
157,48840000000000000000,1640785105,1640871675,True,{'id': '0x008c84421da5527f462886cec43d2717b686a7e4'}
158,54000000000000000000,1640871795,1640958389,True,{'id': '0x4754b7e3dede42d71d6c92978f25f306176ec7e9'}
159,69000000000000000000,1640958693,1641045150,True,{'id': '0xf476cd75be8fdd197ae0b466a2ec2ae44da41897'}
161,45000000000000000000,1641045181,1641131581,True,{'id': '0x43767496ae21f1c8e7fbd70d2138e757da8b3480'}
162,45910000000000000000,1641131681,1641218162,True,{'id': '0x5382859146010ac16e142b6708f8e178e77f66bc'}
163,56570000000000000000,1641218351,1641305467,True,{'id': '0x4754b7e3dede42d71d6c92978f25f306176ec7e9'}
164,61200000000000000000,1641305595,1641392785,True,{'id': '0xc3bb8481be69bbacd14ed278ea219eb0f19748ac'}
165,65690000000000000000,1641393090,1641480088,True,{'id': '0xf0d6999725115e3ead3d927eb3329d63afaec09b'}
166,41440000000000000000,1641480226,1641566646,True,{'id': '0x696ed7b26f4b019ceec78dc8b9140ad64a6f354b'}
167,49990000000000000000,1641568399,1641655027,True,{'id': '0xd3e2e76e4ab0322614fe7aaa3be0b04bed83d0d0'}
168,72110000000000000000,1641655133,1641742588,True,{'id': '0xa4c8d9e4ec5f2831701a81389465498b83f9457d'}
169,41730000000000000000,1641742827,1641829438,True,{'id': '0xb337fa1974319076ca9758b7d919b601a94146cd'}
171,55000000000000000000,1641829715,1641916398,True,{'id': '0xa422bfff5daba6eeefaff84debf609edf0868c5f'}
172,55000000000000000000,1641916539,1642002939,True,{'id': '0xb47a70df538b9a3b591bc5d75da66a04c879b291'}
173,67000000000000000000,1642003661,1642091326,True,{'id': '0xf476cd75be8fdd197ae0b466a2ec2ae44da41897'}
174,57830000000000000000,1642091368,1642178469,True,{'id': '0x17cd072cbd45031efc21da538c783e0ed3b25dcc'}
175,67000000000000000000,1642178833,1642265412,True,{'id': '0x1a13c53d516f6e8321e9903f224861e74bbd7aa0'}
176,67630000000000000000,1642265833,1642352891,True,{'id': '0x5c503df9051b1dbb941f3046cb293c97d7cef4ad'}
177,99990000000000000000,1642353251,1642440334,True,{'id': '0x696ed7b26f4b019ceec78dc8b9140ad64a6f354b'}
178,54000000000000000000,1642440823,1642527922,True,{'id': '0xa4e232fceedb3f43c8e707f8cf20b6bcf30f10e1'}
179,127000000000000000000,1642528413,1642614813,True,{'id': '0x37b8e20646d174b00198b7e183dd1f25520c0f60'}
181,102690000000000000000,1642615905,1642703688,True,{'id': '0x020ca66c30bec2c4fe3861a94e4db4a498a35872'}
182,98880000000000000000,1642703774,1642790715,True,{'id': '0xd0fc5e75a956145be23a5af7402feb05f03c92b6'}
183,62000000000000000000,1642790775,1642877753,True,{'id': '0x88a83a7736941e78b55dcc29d0b04d0910f103e2'}
184,103000000000000000000,1642878150,1642964851,True,{'id': '0x020ca66c30bec2c4fe3861a94e4db4a498a35872'}
185,66690000000000000000,1642964885,1643052354,True,{'id': '0x4754b7e3dede42d71d6c92978f25f306176ec7e9'}
186,88880000000000000000,1643052450,1643139846,True,{'id': '0x545854092877ef2f9f8a609aeeb9f5218e5cd2d5'}
187,76000000000000000000,1643140074,1643226875,True,{'id': '0xbdf82063aed5b3765e9443dd0b252a09197b586a'}
188,91000000000000000000,1643226910,1643314217,True,{'id': '0xac92c1e1eb0bf38e15b5de44d12d1a6da35f1338'}
189,89890000000000000000,1643314224,1643400884,True,{'id': '0x73222225044ce0fc672ff9b6f9730d0a0421382c'}
191,87720000000000000000,1643401203,1643488682,True,{'id': '0xb054e7683f26273b4ba7454df9a71c578506aa01'}
192,88880000000000000000,1643488824,1643576040,True,{'id': '0xb9ec6c2ff236f28cd89d8f111272705e85a4fb6f'}
193,77600000000000000000,1643576120,1643663996,True,{'id': '0x4680cb63563472cac10236c07d288580d8d7b52a'}
194,90000000000000000000,1643664053,1643750555,True,{'id': '0x1e32a859d69dde58d03820f8f138c99b688d132f'}
195,101990000000000000000,1643750865,1643838418,True,{'id': '0x91ed17f7e63ffc18fe5159927002e7b2ff81e1f5'}
196,70000000000000000000,1643838610,1643925075,True,{'id': '0x4754b7e3dede42d71d6c92978f25f306176ec7e9'}
197,120690000000000000000,1643925089,1644011567,True,{'id': '0xc67c60cd6d82fcb2fc6a9a58ea62f80443e32683'}
198,85000000000000000000,1644012013,1644099050,True,{'id': '0xd4b3f2f975da42c36cf17db59f9344c722ea82f6'}
199,99990000000000000000,1644099177,1644186024,True,{'id': '0x696ed7b26f4b019ceec78dc8b9140ad64a6f354b'}
201,85000000000000000000,1644186853,1644273695,True,{'id': '0x8eb53275d790b23923e44a45f32203262e523d4d'}
202,95000000000000000000,1644273818,1644361228,True,{'id': '0x052564eb0fd8b340803df55def89c25c432f43f4'}
203,118000000000000000000,1644361548,1644448603,True,{'id': '0x51787a2c56d710c68140bdadefd3a98bff96feb4'}
204,79000000000000000000,1644449202,1644536230,True,{'id': '0x4754b7e3dede42d71d6c92978f25f306176ec7e9'}
205,103100000000000000000,1644536267,1644623230,True,{'id': '0x47b78acc6d29428f128eb04b467d316e548e4b89'}
206,95000000000000000000,1644623644,1644710191,True,{'id': '0x696ed7b26f4b019ceec78dc8b9140ad64a6f354b'}
207,75000000000000000000,1644710227,1644796856,True,{'id': '0x55e1490a1878d0b61811726e2cb96560022e764c'}
208,100000000000000000000,1644796966,1644884320,True,{'id': '0x696ed7b26f4b019ceec78dc8b9140ad64a6f354b'}
209,89000000000000000000,1644884491,1644971588,True,{'id': '0x07972274105f6c7921515495b3189500fbf49d99'}
211,109690000000000000000,1644972944,1645059344,True,{'id': '0x4c00f62943546975354d3460d1759189460b44e7'}
212,70300000000000000000,1645059399,1645145869,True,{'id': '0x8266a38fae251cce7b11f86cb548fcab03bebfca'}
213,78620000000000000000,1645145872,1645233530,True,{'id': '0x56178626332fc530561535eeaa914b863aa455f2'}
214,93000000000000000000,1645233883,1645320283,True,{'id': '0x4754b7e3dede42d71d6c92978f25f306176ec7e9'}
215,82830000000000000000,1645320857,1645407589,True,{'id': '0xc1b19635abfd6c454c0b074383503c3fe561aee1'}
216,72400000000000000000,1645408001,1645494651,True,{'id': '0xaf05abcfe204f9c2e5e5cdf83e485f7f72eb0e9f'}
217,73000000000000000000,1645495041,1645581441,True,{'id': '0x4754b7e3dede42d71d6c92978f25f306176ec7e9'}
218,73000000000000000000,1645582065,1645669386,True,{'id': '0x4754b7e3dede42d71d6c92978f25f306176ec7e9'}
219,71000000000000000000,1645669396,1645755796,True,{'id': '0x8e71c9644898665a91e4db3dee8bdde97b3c71bc'}
221,53000000000000000000,1645755805,1645842333,True,{'id': '0xa1c8f8f481076a5c203f134b0a06ee9817f10281'}
222,50690000000000000000,1645842875,1645929395,True,{'id': '0xb5870339663d8a79db881ee168f77d7835b2e721'}
223,53330000000000000000,1645929977,1646016377,True,{'id': '0xd3e2e76e4ab0322614fe7aaa3be0b04bed83d0d0'}
224,56690000000000000000,1646016683,1646103083,True,{'id': '0x008c84421da5527f462886cec43d2717b686a7e4'}
225,59990000000000000000,1646103332,1646190234,True,{'id': '0x900692990c689fcb7c35ea01571f7ecc7d93e7e4'}
226,66660000000000000000,1646190283,1646276992,True,{'id': '0xd3e401814d1faa8ca0419ecccbfee93ac7b15b31'}
227,60350000000000000000,1646277532,1646365039,True,{'id': '0xd6406c9838e1423d14a6dfc1bfd6a1c307608da3'}
228,51000000000000000000,1646365409,1646451809,True,{'id': '0xc67f7247bbdad2f71677e7117d2649a7426e2236'}
229,48000000000000000000,1646452463,1646538863,True,{'id': '0x020ca66c30bec2c4fe3861a94e4db4a498a35872'}
231,47000000000000000000,1646539622,1646626022,True,{'id': '0xd3e2e76e4ab0322614fe7aaa3be0b04bed83d0d0'}
232,75000000000000000000,1646626175,1646712819,True,{'id': '0xf7571cd2fc4703f348a750193a665e9d0a51ba81'}
233,45290000000000000000,1646713106,1646799506,True,{'id': '0x8e71c9644898665a91e4db3dee8bdde97b3c71bc'}
234,48000000000000000000,1646799546,1646885946,True,{'id': '0x1a1f337faa595a3603b4a3e67776150e7883954d'}
235,48000000000000000000,1646886530,1646972930,True,{'id': '0x8e71c9644898665a91e4db3dee8bdde97b3c71bc'}
236,48000000000000000000,1646972937,1647059337,True,{'id': '0xb92480f52f33731568154fa811851a7316c503a2'}
237,54840000000000000000,1647059922,1647146322,True,{'id': '0x7bee754c1b75917cadc51e23f69304419970b04f'}
238,64740000000000000000,1647146379,1647234360,True,{'id': '0x2c6941d2174212656a512c7ab9e86e16ceaa6359'}
239,51000000000000000000,1647234605,1647321009,True,{'id': '0x696ed7b26f4b019ceec78dc8b9140ad64a6f354b'}
241,59690000000000000000,1647321183,1647407583,True,{'id': '0x717a578e4a157ea52ee989be75f15957f294d1a9'}
242,57500000000000000000,1647408497,1647494897,True,{'id': '0x96342f72f2d51027347cba749e852a3e6518e1a9'}
243,64950000000000000000,1647494973,1647582591,True,{'id': '0xaf05abcfe204f9c2e5e5cdf83e485f7f72eb0e9f'}
244,84900000000000000000,1647582608,1647669772,True,{'id': '0xf8a065f287d91d77cd626af38ffa220d9b552a2b'}
245,65000000000000000000,1647669883,1647756283,True,{'id': '0x696ed7b26f4b019ceec78dc8b9140ad64a6f354b'}
246,58880000000000000000,1647756453,1647842942,True,{'id': '0xa02a1ab39ef37b7d860d7a791661703023389149'}
247,72230000000000000000,1647843234,1647930418,True,{'id': '0x1984edf70973e1389548f21cd0dcb15b408240c9'}
248,66970000000000000000,1647930655,1648019050,True,{'id': '0x5ca6a2e5f53a48616d4ead87ff6034fc032d4722'}
249,70880000000000000000,1648019314,1648105714,True,{'id': '0x020ca66c30bec2c4fe3861a94e4db4a498a35872'}
251,81690000000000000000,1648105953,1648192353,True,{'id': '0x696ed7b26f4b019ceec78dc8b9140ad64a6f354b'}
252,87000000000000000000,1648192378,1648278778,True,{'id': '0x9298b97de93784635900163e582a5d9e570f35a5'}
253,80000000000000000000,1648278806,1648365206,True,{'id': '0x9298b97de93784635900163e582a5d9e570f35a5'}
254,53000000000000000000,1648365306,1648451706,True,{'id': '0xf8a065f287d91d77cd626af38ffa220d9b552a2b'}
255,63000000000000000000,1648451715,1648539073,True,{'id': '0x6b6ae848f555f70944bc99d736fe29fcaecf8b23'}
256,69000000000000000000,1648539116,1648625893,True,{'id': '0x4b25d8ba0910f41ceb3fe2ba48d3082ed12cd8e3'}
257,58750000000000000000,1648626019,1648712604,True,{'id': '0x0ccc9f78b7b7ae40f9370697f0ae26997411d398'}
258,63250000000000000000,1648712661,1648799061,True,{'id': '0xa94181f3fbc5dc4c74f550b568318227d8a454a0'}
259,60000000000000000000,1648799093,1648885493,True,{'id': '0x4754b7e3dede42d71d6c92978f25f306176ec7e9'}
261,58000000000000000000,1648885546,1648971946,True,{'id': '0x3f58588b59da010031dd8a355dcd7de229663ebf'}
262,44570000000000000000,1648971984,1649058591,True,{'id': '0xf77b133b0260e3fd7c2ad4eac36ee8828e0560d3'}
263,60000000000000000000,1649058648,1649145048,True,{'id': '0xf8a065f287d91d77cd626af38ffa220d9b552a2b'}
264,58000000000000000000,1649145544,1649232034,True,{'id': '0x64e9cd118aa8d45c20efeeefd68679372f5e48dc'}
265,62000000000000000000,1649233606,1649320331,True,{'id': '0x6a6f20961aaaba280500298c4fd44187c38a9386'}
266,89690000000000000000,1649320490,1649407549,True,{'id': '0x6414258ee299b740c19a11b938afe30a373d1afd'}
267,69420000000000000000,1649407761,1649494161,True,{'id': '0xf6b6f07862a02c85628b3a9688beae07fea9c863'}
268,64270000000000000000,1649494213,1649580820,True,{'id': '0xf6b6f07862a02c85628b3a9688beae07fea9c863'}
269,60000000000000000000,1649581812,1649668212,True,{'id': '0xf8a065f287d91d77cd626af38ffa220d9b552a2b'}
271,53000000000000000000,1649668224,1649755048,True,{'id': '0x181e1d0974ffaf070e8f3c458c1df0432bd936c7'}
272,55100000000000000000,1649755083,1649841483,True,{'id': '0xf6b6f07862a02c85628b3a9688beae07fea9c863'}
273,61000000000000000000,1649841554,1649928529,True,{'id': '0x90a9d3661b1963bc33ccf4d55d663df5856c1126'}
274,65000000000000000000,1649928570,1650015002,True,{'id': '0x90a9d3661b1963bc33ccf4d55d663df5856c1126'}
275,73690000000000000000,1650015002,1650101402,True,{'id': '0xf0ae4f60a4dc379ae25371a34b4b699dee8d530f'}
276,76690000000000000000,1650101406,1650187806,True,{'id': '0xd9b449335ab3efe0b2481f19a2dcdf75fa8b29ca'}
277,70000000000000000000,1650187906,1650274783,True,{'id': '0x4754b7e3dede42d71d6c92978f25f306176ec7e9'}
278,63000000000000000000,1650274897,1650361785,True,{'id': '0x90a9d3661b1963bc33ccf4d55d663df5856c1126'}
279,62000000000000000000,1650361788,1650449002,True,{'id': '0x90a9d3661b1963bc33ccf4d55d663df5856c1126'}
281,70000000000000000000,1650449053,1650535699,True,{'id': '0x90a9d3661b1963bc33ccf4d55d663df5856c1126'}
282,82000000000000000000,1650535746,1650622938,True,{'id': '0x90a9d3661b1963bc33ccf4d55d663df5856c1126'}
283,79990000000000000000,1650622960,1650709466,True,{'id': '0x41a7a1f43a1701d73524f32b9f51b353ed133a8d'}
284,67000000000000000000,1650709472,1650796436,True,{'id': '0x4754b7e3dede42d71d6c92978f25f306176ec7e9'}
285,69420000000000000000,1650796438,1650883116,True,{'id': '0x4754b7e3dede42d71d6c92978f25f306176ec7e9'}
286,75170000000000000000,1650883120,1650970114,True,{'id': '0x4754b7e3dede42d71d6c92978f25f306176ec7e9'}
287,75000000000000000000,1650970149,1651057143,True,{'id': '0x4754b7e3dede42d71d6c92978f25f306176ec7e9'}
288,69690000000000000000,1651057149,1651143549,True,{'id': '0x7fa020f063b3a06153ed755cee5923039efb86a3'}
289,99620000000000000000,1651143774,1651231160,True,{'id': '0xf6b6f07862a02c85628b3a9688beae07fea9c863'}
291,78550000000000000000,1651231408,1651318653,True,{'id': '0xd049b3064990869c9f73bd7896271d83325d2067'}
292,73000000000000000000,1651318663,1651405798,True,{'id': '0x4754b7e3dede42d71d6c92978f25f306176ec7e9'}
293,84500000000000000000,1651406020,1651492976,True,{'id': '0x89cbb15c7ab08a39328b0e3ddf8cffa8d7c50899'}
294,80180000000000000000,1651493100,1651580015,True,{'id': '0xf6b6f07862a02c85628b3a9688beae07fea9c863'}
295,105060000000000000000,1651580052,1651667323,True,{'id': '0x2f8334822c7362f3d80fe731d3962d582d25bf5b'}
296,85000000000000000000,1651667335,1651753735,True,{'id': '0x4754b7e3dede42d71d6c92978f25f306176ec7e9'}
297,105000000000000000000,1651753795,1651840744,True,{'id': '0x231a07c825f052b895de5fd1513ce40d18e14af5'}
298,81000000000000000000,1651840769,1651927379,True,{'id': '0x4754b7e3dede42d71d6c92978f25f306176ec7e9'}
299,80000000000000000000,1651927503,1652013903,True,{'id': '0x4754b7e3dede42d71d6c92978f25f306176ec7e9'}
301,79000000000000000000,1652014041,1652100776,True,{'id': '0x4754b7e3dede42d71d6c92978f25f306176ec7e9'}
302,84920000000000000000,1652101025,1652187556,True,{'id': '0xf8a065f287d91d77cd626af38ffa220d9b552a2b'}
303,88600000000000000000,1652187567,1652274854,True,{'id': '0x64e9cd118aa8d45c20efeeefd68679372f5e48dc'}
304,82000000000000000000,1652275895,1652364053,True,{'id': '0xf6b6f07862a02c85628b3a9688beae07fea9c863'}
305,77000000000000000000,1652364695,1652451437,True,{'id': '0xf6b6f07862a02c85628b3a9688beae07fea9c863'}
306,75000000000000000000,1652451495,1652537969,True,{'id': '0xf6b6f07862a02c85628b3a9688beae07fea9c863'}
307,160000000000000000000,1652537983,1652625212,True,{'id': '0xf6b6f07862a02c85628b3a9688beae07fea9c863'}
308,67000000000000000000,1652625506,1652712059,True,{'id': '0xf6b6f07862a02c85628b3a9688beae07fea9c863'}
309,76000000000000000000,1652712412,1652798812,True,{'id': '0xf6b6f07862a02c85628b3a9688beae07fea9c863'}
311,80000000000000000000,1652800129,1652886529,True,{'id': '0x9298b97de93784635900163e582a5d9e570f35a5'}
312,77210000000000000000,1652886791,1652973191,True,{'id': '0x1bde33dbc5c2ac7109c4a7ecf0d0a0a6cd6f57cc'}
313,83690000000000000000,1652973377,1653059876,True,{'id': '0x3d209a7ddebd2ac83b5e6681d997bdf04d1b9b6b'}
314,80000000000000000000,1653060263,1653146663,True,{'id': '0x4754b7e3dede42d71d6c92978f25f306176ec7e9'}
315,73000000000000000000,1653146810,1653233928,True,{'id': '0xf6b6f07862a02c85628b3a9688beae07fea9c863'}
316,215000000000000000000,1653234098,1653321063,True,{'id': '0x2debdf4427ccbcfdbc7f29d63964499a0ec184f6'}
317,82630000000000000000,1653321472,1653408316,True,{'id': '0xf6b6f07862a02c85628b3a9688beae07fea9c863'}
318,144000000000000000000,1653408407,1653495427,True,{'id': '0x231a07c825f052b895de5fd1513ce40d18e14af5'}
319,92500000000000000000,1653495592,1653582147,True,{'id': '0xc46db2d89327d4c41eb81c43ed5e3dff111f9a8f'}
321,85550000000000000000,1653582194,1653668654,True,{'id': '0xf6b6f07862a02c85628b3a9688beae07fea9c863'}
322,98170000000000000000,1653668830,1653756178,True,{'id': '0xa8d04cd4e1951291740ef977d56336fdc7f394c5'}
323,99000000000000000000,1653756493,1653843781,True,{'id': '0xb4df3b128d7e4d7eb374e155fb40bbdef20e8068'}
324,102000000000000000000,1653843944,1653930579,True,{'id': '0x231a07c825f052b895de5fd1513ce40d18e14af5'}
325,88000000000000000000,1653930962,1654017682,True,{'id': '0x920d5e8a6d314cd59eb5d9faf526fa7b24e127fa'}
326,117930000000000000000,1654018180,1654105099,True,{'id': '0x347b43a9f6e5ef282c93005308b4bc45b79f5e61'}
327,125000000000000000000,1654105231,1654191631,True,{'id': '0x3250e201c2eb06d086138f181e0fb6d1fe33f7d1'}
328,98690000000000000000,1654191786,1654278300,True,{'id': '0x2de14db256db2597fe3c8eed46ef5b20ba390823'}
329,103370000000000000000,1654278619,1654365019,True,{'id': '0xc46db2d89327d4c41eb81c43ed5e3dff111f9a8f'}
331,95800000000000000000,1654365386,1654451992,True,{'id': '0x4754b7e3dede42d71d6c92978f25f306176ec7e9'}
332,100000000000000000000,1654452626,1654539026,True,{'id': '0xc8598168d8475133de3150eff9b0ce27fb9b038d'}
333,117300000000000000000,1654539188,1654626428,True,{'id': '0xa8d04cd4e1951291740ef977d56336fdc7f394c5'}
334,117820000000000000000,1654626545,1654713222,True,{'id': '0xf6b6f07862a02c85628b3a9688beae07fea9c863'}
335,143820000000000000000,1654713710,1654800825,True,{'id': '0x67954ac510255b6b3724073022196b67bdf260b6'}
336,84000000000000000000,1654801442,1654887888,True,{'id': '0x4754b7e3dede42d71d6c92978f25f306176ec7e9'}
337,120000000000000000000,1654888266,1654976056,True,{'id': '0xf6b6f07862a02c85628b3a9688beae07fea9c863'}
338,132600000000000000000,1654976328,1655062728,True,{'id': '0x67954ac510255b6b3724073022196b67bdf260b6'}
339,95000000000000000000,1655063088,1655150101,True,{'id': '0x7fa020f063b3a06153ed755cee5923039efb86a3'}
341,95530000000000000000,1655150167,1655237730,True,{'id': '0x717541ecec745b1996a293a0e663f2aed2340f1a'}
342,114000000000000000000,1655237892,1655324519,True,{'id': '0x583885492b1ac55e6633cdd89d03939033c96bf8'}
343,95000000000000000000,1655324687,1655411382,True,{'id': '0x7fa020f063b3a06153ed755cee5923039efb86a3'}
344,85000000000000000000,1655411743,1655498539,True,{'id': '0x1337f7970e8399ccbc625647fce58a9dada5aa66'}
345,90000000000000000000,1655498983,1655585979,True,{'id': '0x7fa020f063b3a06153ed755cee5923039efb86a3'}
346,150000000000000000000,1655586105,1655672737,True,{'id': '0xfe0875e12958a019dea15a795c22845179749f50'}
347,128000000000000000000,1655672972,1655759648,True,{'id': '0xa68fdb0c7ecdc404637c5c06bab82a7bf00609f3'}
348,106500000000000000000,1655759883,1655846827,True,{'id': '0x2f2f237d2e655cc0a6f6fef761e5aef13087e71f'}
349,100000000000000000000,1655846878,1655934427,True,{'id': '0x7b5db6d63f4552b15b20dd16279e9892fdd1b541'}
351,95000000000000000000,1655934775,1656021383,True,{'id': '0x7fa020f063b3a06153ed755cee5923039efb86a3'}
352,103100000000000000000,1656021442,1656107842,True,{'id': '0x4754b7e3dede42d71d6c92978f25f306176ec7e9'}
353,100000000000000000000,1656108190,1656194590,True,{'id': '0x184e237b72665d359ff1e9a2ee98d1a7a16ee2e1'}
354,92000000000000000000,1656194667,1656281067,True,{'id': '0x7dd5b92716542ab2442030df6d87cec437a51ded'}
355,125000000000000000000,1656281286,1656367748,True,{'id': '0xf476cd75be8fdd197ae0b466a2ec2ae44da41897'}
356,113000000000000000000,1656367772,1656454172,True,{'id': '0xe1e959800a8ec49eacc0d9f953d917d425163088'}
357,100000000000000000000,1656454333,1656540733,True,{'id': '0xf6ea6de3b28e284eec682c4e64d43503f44228f1'}
358,115000000000000000000,1656540753,1656628250,True,{'id': '0x74e2560995ba0b3e27539cea74d40b784f54689c'}
359,115000000000000000000,1656628423,1656715468,True,{'id': '0xd427d5adfc70eb18a6714086bb6dd74a7b8d02be'}
361,100000000000000000000,1656715670,1656802368,True,{'id': '0x7fa020f063b3a06153ed755cee5923039efb86a3'}
362,113800000000000000000,1656802510,1656889965,True,{'id': '0xf6b6f07862a02c85628b3a9688beae07fea9c863'}
363,99690000000000000000,1656890339,1656977121,True,{'id': '0x7fa020f063b3a06153ed755cee5923039efb86a3'}
364,104000000000000000000,1656977571,1657064570,True,{'id': '0x7bee754c1b75917cadc51e23f69304419970b04f'}
365,120000000000000000000,1657065284,1657152692,True,{'id': '0x50664ede715e131f584d3e7eaabd7818bb20a068'}
366,112200000000000000000,1657152849,1657239480,True,{'id': '0x36a43344039e8d4341bc66ab3a97ef355fa9ed59'}
367,113220000000000000000,1657239718,1657326118,True,{'id': '0x2e32935bfd5b2718f99bc8fdf8b37c16811f7d97'}
368,99000000000000000000,1657326504,1657412904,True,{'id': '0x4754b7e3dede42d71d6c92978f25f306176ec7e9'}
369,111000000000000000000,1657413291,1657499691,True,{'id': '0x5c4fe960950ba0e09a72869c3d51fe70f07580e0'}
371,120000000000000000000,1657499842,1657586242,True,{'id': '0x2573c60a6d127755aa2dc85e342f7da2378a0cc5'}
372,106900000000000000000,1657586579,1657672979,True,{'id': '0x7fa020f063b3a06153ed755cee5923039efb86a3'}
373,130000000000000000000,1657673189,1657759589,True,{'id': '0xb47a70df538b9a3b591bc5d75da66a04c879b291'}
374,102000000000000000000,1657759590,1657845990,True,{'id': '0xf6b6f07862a02c85628b3a9688beae07fea9c863'}
375,106080000000000000000,1657846516,1657932916,True,{'id': '0x4e142fe48c71092e78be1f1082fa8ce0cb15c354'}
376,102000000000000000000,1657933033,1658019433,True,{'id': '0xf6b6f07862a02c85628b3a9688beae07fea9c863'}
377,109690000000000000000,1658019645,1658106100,True,{'id': '0x40d775827365ae4d54cbc08a1a1c4f586b2c1d0a'}
378,109350000000000000000,1658106234,1658192904,True,{'id': '0x14ae8100ea85a11bbb36578f83ab1b5c1cfdd61c'}
379,123110000000000000000,1658192998,1658279398,True,{'id': '0x2d7d54476738286552173b5957999664b9fbd467'}
381,101000000000000000000,1658279850,1658366250,True,{'id': '0x4754b7e3dede42d71d6c92978f25f306176ec7e9'}
382,102710000000000000000,1658366308,1658452708,True,{'id': '0xf627e5f4bad95a956468d8bb6ee20b119f992e96'}
383,104750000000000000000,1658452928,1658539328,True,{'id': '0x7fa020f063b3a06153ed755cee5923039efb86a3'}
384,99000000000000000000,1658539370,1658625770,True,{'id': '0xf6b6f07862a02c85628b3a9688beae07fea9c863'}
385,106900000000000000000,1658625924,1658712425,True,{'id': '0x91dccaa260cc4616e1a6e6b693db7207c5e42937'}
386,106900000000000000000,1658712759,1658799349,True,{'id': '0xab9a363e67f8aa7e55bb27957f2c40f14fa713b6'}
387,95000000000000000000,1658799630,1658886258,True,{'id': '0x7fa020f063b3a06153ed755cee5923039efb86a3'}
388,101000000000000000000,1658886839,1658973239,True,{'id': '0xf6b6f07862a02c85628b3a9688beae07fea9c863'}
389,103020000000000000000,1658973476,1659060716,True,{'id': '0xcf6165e56c3383978f6eaaf58b314af41569c0f0'}
391,83700000000000000000,1659061445,1659147845,True,{'id': '0x4754b7e3dede42d71d6c92978f25f306176ec7e9'}
392,86700000000000000000,1659148588,1659235118,True,{'id': '0x4754b7e3dede42d71d6c92978f25f306176ec7e9'}
393,94200000000000000000,1659235579,1659322526,True,{'id': '0x66d5527411d821cb513f2d214bbbc0ad73586b35'}
394,77940000000000000000,1659322619,1659409523,True,{'id': '0x6461f575da2371bb16210e936de5ee1cfb28f10d'}
395,85690000000000000000,1659410253,1659496653,True,{'id': '0x696ed7b26f4b019ceec78dc8b9140ad64a6f354b'}
396,85700000000000000000,1659497149,1659584382,True,{'id': '0x4754b7e3dede42d71d6c92978f25f306176ec7e9'}
397,86390000000000000000,1659584561,1659670990,True,{'id': '0x7313fbf9ee7cfaada3b61bc9b52e9fce4d461ae3'}
398,85800000000000000000,1659671287,1659758229,True,{'id': '0x4754b7e3dede42d71d6c92978f25f306176ec7e9'}
399,92230000000000000000,1659758289,1659844689,True,{'id': '0xf627e5f4bad95a956468d8bb6ee20b119f992e96'}
401,95320000000000000000,1659844888,1659931288,True,{'id': '0xdbef9c83d5a6b8f9662d22e38db2a4eb1d70569a'}
402,85000000000000000000,1659931859,1660018259,True,{'id': '0xf7571cd2fc4703f348a750193a665e9d0a51ba81'}
403,79400000000000000000,1660019203,1660105729,True,{'id': '0x4754b7e3dede42d71d6c92978f25f306176ec7e9'}
404,81090000000000000000,1660107801,1660194201,True,{'id': '0xf8a065f287d91d77cd626af38ffa220d9b552a2b'}
405,79500000000000000000,1660194516,1660280916,True,{'id': '0xf6b6f07862a02c85628b3a9688beae07fea9c863'}
406,81480000000000000000,1660281173,1660367928,True,{'id': '0x8e71c9644898665a91e4db3dee8bdde97b3c71bc'}
407,77700000000000000000,1660368018,1660454418,True,{'id': '0x8e71c9644898665a91e4db3dee8bdde97b3c71bc'}
408,77770000000000000000,1660454692,1660541092,True,{'id': '0x99f28ce20b3f102b753182631ef657bcf41da66c'}
409,82000000000000000000,1660542145,1660628691,True,{'id': '0x79f08f2e75a8c99428de4a2e6456c07c99e55da5'}
411,76280000000000000000,1660629159,1660715830,True,{'id': '0xfe00888ff72e11b00437a13ff96965b44cbf7d47'}
412,76690000000000000000,1660717163,1660803563,True,{'id': '0xbb367b95c4e118b872ebaa64734b2fcfa5c252ef'}
413,69690000000000000000,1660803629,1660890029,True,{'id': '0x3496f3600070cc01d9665d1057f6f39afc0fe149'}
414,61200000000000000000,1660890528,1660977095,True,{'id': '0xf6b6f07862a02c85628b3a9688beae07fea9c863'}
415,65000000000000000000,1660977170,1661063610,True,{'id': '0x1d3bc1f9d3f9770453949abd619592cd7583c5ed'}
416,63360000000000000000,1661063713,1661150113,True,{'id': '0x141b63d93daf55bfb7f396eee6114f3a5d4a90b2'}
417,61200000000000000000,1661150132,1661236825,True,{'id': '0x09fde2eda4d2bc32171ff41d7a7345ca3acd8c74'}
418,77400000000000000000,1661236856,1661323256,True,{'id': '0x4754b7e3dede42d71d6c92978f25f306176ec7e9'}
419,61100000000000000000,1661323999,1661412194,True,{'id': '0x6924686b3dcd04ae8ef91a3feccc262d020f519d'}
421,61200000000000000000,1661413559,1661500166,True,{'id': '0x4754b7e3dede42d71d6c92978f25f306176ec7e9'}
422,63300000000000000000,1661500646,1661587264,True,{'id': '0x4754b7e3dede42d71d6c92978f25f306176ec7e9'}
423,67690000000000000000,1661588189,1661674630,True,{'id': '0x1ff2875cd548eeae6d22f26bae2d72a50fd143c7'}
424,65300000000000000000,1661674974,1661761617,True,{'id': '0x4754b7e3dede42d71d6c92978f25f306176ec7e9'}
425,67000000000000000000,1661762801,1661849201,True,{'id': '0x42769d446578fba67755bcb7aa1c319df95493b6'}
426,61500000000000000000,1661850343,1661938938,True,{'id': '0x41e72d30c967a595cc2c7dbc9e1ed98638f3b8c8'}
427,72430000000000000000,1661939299,1662025699,True,{'id': '0x3744cf362c21d4b9abe06d446295374772174d5d'}
428,66990000000000000000,1662026563,1662112963,True,{'id': '0x20674aa04807c509bfe2431cd31f1420b0efe40f'}
429,74970000000000000000,1662113618,1662200455,True,{'id': '0xb636fca45708a202bcae257070bace4a791623d2'}
431,70790000000000000000,1662200675,1662287738,True,{'id': '0xe17956ded34b710a88971d68fe0f2b17e4b9f823'}
432,77090000000000000000,1662287821,1662375061,True,{'id': '0x8cd2dbc6d22e2dbf2be7a78fee596fe46a6bdcf4'}
433,78694200000000000000,1662375359,1662461759,True,{'id': '0xfd4617981dfdf01a8a098bf2906d4b55af801d20'}
434,78100000000000000000,1662462242,1662549026,True,{'id': '0xb340f8fe707da852abdc7011c45cf90270fee37a'}
435,77090000000000000000,1662549822,1662636222,True,{'id': '0x0d003e503bcd6fe83b8fc54c692d16eb9400f211'}
436,68600000000000000000,1662636592,1662723020,True,{'id': '0xc7038f7692db8fede650f37aa18d789d567af9a6'}
437,69690000000000000000,1662723893,1662810293,True,{'id': '0x0d596a63e02b76169a94285d6e82e81282c6eb8c'}
438,73040000000000000000,1662813136,1662900204,True,{'id': '0xaa4d26e59c407374723313bd97ccf17c42bd4865'}
439,72630000000000000000,1662900466,1662987275,True,{'id': '0xd2ef6bd0ab75fb5b38e74f69445da51d9fa8200f'}
441,70700000000000000000,1662987703,1663074701,True,{'id': '0x4754b7e3dede42d71d6c92978f25f306176ec7e9'}
442,69260000000000000000,1663074760,1663161649,True,{'id': '0xb50bdbfe65b6650397404d8a6d972418be93ac89'}
443,69420000000000000000,1663162024,1663248424,True,{'id': '0x85f935fe6f380ee8f9f78a1d0f2a7625ee18a243'}
444,65560000000000000000,1663248887,1663335287,True,{'id': '0x6525c002b80ae9f2431883d3a6274c0d4af5ed7c'}
445,70380000000000000000,1663335407,1663421807,True,{'id': '0x4754b7e3dede42d71d6c92978f25f306176ec7e9'}
446,68720000000000000000,1663422107,1663508507,True,{'id': '0xc37e20254cdeeeae9ca11bb0751d6114c97fd519'}
447,69230000000000000000,1663509383,1663595783,True,{'id': '0xbbabf412dca36b2bfed1c22413876b2c4c99cc1e'}
448,62000000000000000000,1663596263,1663682951,True,{'id': '0xf6b6f07862a02c85628b3a9688beae07fea9c863'}
449,72690000000000000000,1663683323,1663770011,True,{'id': '0xe7304ba0f157f2ade94015934284b6704bc72911'}
451,78500000000000000000,1663770311,1663856711,True,{'id': '0x4afd76ec6a55f24873bc6e93beac08b882501a6f'}
452,72090000000000000000,1663856915,1663943315,True,{'id': '0x566d5349cb5e0aace71a1f09cd2c141cce291d70'}
453,89310000000000000000,1663943519,1664029919,True,{'id': '0x9298b97de93784635900163e582a5d9e570f35a5'}
454,69420000000000000000,1664030063,1664116463,True,{'id': '0x7b7736a2c07c4332ffad45a039d2117ae15e3f66'}
455,64690000000000000000,1664116847,1664203247,True,{'id': '0x2a9f26da17e9af433ed65084ad3acef36b08b8a2'}
456,72090000000000000000,1664203691,1664290091,True,{'id': '0x34651fb7860616d97bd0e6a503b0a712fc0daa5f'}
457,63724500000000000000,1664291423,1664377823,True,{'id': '0xf6b6f07862a02c85628b3a9688beae07fea9c863'}
458,63720000000000000000,1664377835,1664464535,True,{'id': '0x9cd2f95792660df4b9ca46c9a78472d9e7344667'}
459,60000000000000000000,1664465471,1664551871,True,{'id': '0xf6b6f07862a02c85628b3a9688beae07fea9c863'}
461,64170000000000000000,1664552687,1664639087,True,{'id': '0x4754b7e3dede42d71d6c92978f25f306176ec7e9'}
462,60560000000000000000,1664639279,1664726375,True,{'id': '0xe1c2485b18d7491d4e1d1034296171dc01128d20'}
463,56520000000000000000,1664726711,1664813363,True,{'id': '0x4754b7e3dede42d71d6c92978f25f306176ec7e9'}
464,69000000000000000000,1664814227,1664900627,True,{'id': '0x0d596a63e02b76169a94285d6e82e81282c6eb8c'}
465,57230000000000000000,1664901323,1664988035,True,{'id': '0x4754b7e3dede42d71d6c92978f25f306176ec7e9'}
466,58040000000000000000,1664988047,1665074447,True,{'id': '0xf6b6f07862a02c85628b3a9688beae07fea9c863'}
467,56940000000000000000,1665074459,1665160859,True,{'id': '0x36ab5220c885f4dbe0dad2ecb88d57d363a590ae'}
468,60000000000000000000,1665160883,1665247283,True,{'id': '0x9979d204e93229c4355431dfb520e608c81bbd0c'}
469,60180000000000000000,1665247331,1665333731,True,{'id': '0x24f729d1fd3152c14d383007f1da318405379e54'}
471,56690000000000000000,1665333875,1665420275,True,{'id': '0x75182ab9bea2966bdf3eacbbc2cefba953474c65'}
472,53690000000000000000,1665420527,1665506927,True,{'id': '0xc1a75c35f861563c446e4b146381c6934d515168'}
473,48560000000000000000,1665507011,1665593651,True,{'id': '0x10ec976c862a0e48c932fb53b5c542b5cbb13cf1'}
474,51000000000000000000,1665593699,1665680099,True,{'id': '0xab6a4b6720fd6ab349fd394ce5028730877593a9'}
475,51000000000000000000,1665680111,1665766511,True,{'id': '0x83fcfe8ba2fece9578f0bbafed4ebf5e915045b9'}
476,46000000000000000000,1665766547,1665852947,True,{'id': '0x4754b7e3dede42d71d6c92978f25f306176ec7e9'}
477,45000000000000000000,1665853007,1665939407,True,{'id': '0xf6b6f07862a02c85628b3a9688beae07fea9c863'}
478,40000000000000000000,1665940331,1666026731,True,{'id': '0xf6b6f07862a02c85628b3a9688beae07fea9c863'}
479,46910000000000000000,1666027199,1666114031,True,{'id': '0xf6b6f07862a02c85628b3a9688beae07fea9c863'}
481,42870000000000000000,1666114523,1666201115,True,{'id': '0xf6b6f07862a02c85628b3a9688beae07fea9c863'}
482,52730000000000000000,1666201679,1666288079,True,{'id': '0xa3c355571288158c4f7573781f9780269233a772'}
483,43520000000000000000,1666288487,1666374887,True,{'id': '0xf6b6f07862a02c85628b3a9688beae07fea9c863'}
484,48120000000000000000,1666375235,1666461755,True,{'id': '0xf6b6f07862a02c85628b3a9688beae07fea9c863'}
485,49120000000000000000,1666462319,1666549451,True,{'id': '0x81b9a5f21efdb5df0210471b9a94e0d4ad9951ed'}
486,42230000000000000000,1666549487,1666636019,True,{'id': '0xf6b6f07862a02c85628b3a9688beae07fea9c863'}
487,52790000000000000000,1666636043,1666723187,True,{'id': '0xf6b6f07862a02c85628b3a9688beae07fea9c863'}
488,44580000000000000000,1666723295,1666809803,True,{'id': '0xf6b6f07862a02c85628b3a9688beae07fea9c863'}
489,44440000000000000000,1666809839,1666896599,True,{'id': '0xd1d1d4e36117ab794ec5d4c78cbd3a8904e691d0'}
491,57000000000000000000,1666896647,1666983851,True,{'id': '0x980a89e33a3b719d4540b11be0ae2d7d713634f7'}
492,49580000000000000000,1666983887,1667070347,True,{'id': '0x67954ac510255b6b3724073022196b67bdf260b6'}
493,47000000000000000000,1667070371,1667156771,True,{'id': '0x4754b7e3dede42d71d6c92978f25f306176ec7e9'}
494,44990000000000000000,1667156843,1667243639,True,{'id': '0x73496bc1708b16d16a5c11bab356817954df2b05'}
495,45600000000000000000,1667243663,1667330315,True,{'id': '0xf2aa12e97952358103dadf876a36fd3160eb0ea0'}
496,55000000000000000000,1667330327,1667417519,True,{'id': '0x6414258ee299b740c19a11b938afe30a373d1afd'}
497,49500000000000000000,1667417915,1667504315,True,{'id': '0x6ea1a1ff942117312c2236cb3bfbba2c698b659b'}
498,45000000000000000000,1667504567,1667590967,True,{'id': '0x76c14c862a67563f043e0f42bc68e10422a4f83a'}
499,42500000000000000000,1667591471,1667678327,True,{'id': '0x4754b7e3dede42d71d6c92978f25f306176ec7e9'}
501,40010000000000000000,1667679011,1667765951,True,{'id': '0x55b0a25d697647281553a177321dad0a0bf9a148'}
502,37300000000000000000,1667766155,1667853443,True,{'id': '0x4754b7e3dede42d71d6c92978f25f306176ec7e9'}
503,45900000000000000000,1667853767,1667940671,True,{'id': '0x2478709280e8539da2527534f74f46ce053ae093'}
504,45000000000000000000,1667940863,1668027263,True,{'id': '0x7d544a853dbcd39a53315e7002f4951a6d2f080d'}
505,45480000000000000000,1668027479,1668114515,True,{'id': '0xb20d2b98151c4ff141a4ea1b4adce2964ea99af7'}
506,39990000000000000000,1668114623,1668201251,True,{'id': '0xc1a75c35f861563c446e4b146381c6934d515168'}
507,36690000000000000000,1668201299,1668287699,True,{'id': '0xf1d4b2fc9562d64a7ade249d492996918cf65b42'}
508,35050000000000000000,1668287891,1668375479,True,{'id': '0xcc7344a557cdb86f7c713527c05eaf7906e1abab'}
509,37560000000000000000,1668375623,1668462563,True,{'id': '0xdf4db131999a911921b1b5f0422aa39030eb4b92'}
511,35000000000000000000,1668462575,1668549479,True,{'id': '0x5b4dd6c7d49163f84c15008d0dc7131c4c4e5266'}
512,34680000000000000000,1668549491,1668637187,True,{'id': '0xcc7344a557cdb86f7c713527c05eaf7906e1abab'}
513,30600000000000000000,1668637211,1668724103,True,{'id': '0xab039fda276a54f11ed57b47019efd75603c6966'}
514,33017400000000000000,1668724115,1668811631,True,{'id': '0xab039fda276a54f11ed57b47019efd75603c6966'}
515,35030000000000000000,1668811859,1668898895,True,{'id': '0x6dbd6a29aee4a273c5178dae7c48bc3d3deb1d7d'}
516,30180000000000000000,1668898907,1668985511,True,{'id': '0x3dd48ad861f0b77d1312f9c95a13e52871ca95e0'}
517,33580000000000000000,1668985523,1669072139,True,{'id': '0x6c12de0b0c430e729b0a1f547885fc0db735138e'}
518,37530000000000000000,1669072319,1669159031,True,{'id': '0xf3d3c4532308241a4e5275a268ce4e5ed787a95d'}
519,31620000000000000000,1669159043,1669245635,True,{'id': '0x3b502b054715a8e0d8f657169615a88b2ccdd429'}
521,32330000000000000000,1669245875,1669332275,True,{'id': '0xaec4075e4fc8ce829bc4f0cfd5e2fa10dd2b12d1'}
522,30600000000000000000,1669332299,1669418795,True,{'id': '0x3dd48ad861f0b77d1312f9c95a13e52871ca95e0'}
523,29690000000000000000,1669418843,1669505243,True,{'id': '0x0d596a63e02b76169a94285d6e82e81282c6eb8c'}
524,26420000000000000000,1669505483,1669592099,True,{'id': '0xe4dda14480e066223a9c1e01e2fe086ba4fc71d2'}
525,28500000000000000000,1669592327,1669679015,True,{'id': '0x5d837276ec1ddcbfe3f85d9414dffe4b641ebaff'}
526,30070000000000000000,1669679159,1669765859,True,{'id': '0xaec4075e4fc8ce829bc4f0cfd5e2fa10dd2b12d1'}
527,39470000000000000000,1669766135,1669853783,True,{'id': '0x81790453078a15256ba3fff8997ae0d0b52924fa'}
528,31620000000000000000,1669854107,1669941023,True,{'id': '0xab04e02792d86c522a07b19548a928d01fee2fc2'}
529,27000000000000000000,1669941035,1670027435,True,{'id': '0x2ef9834de85f62f36fe39cb3387d30469762ad1b'}
531,26690000000000000000,1670027735,1670114339,True,{'id': '0xfa4fc4ec2f81a4897743c5b4f45907c02ce06199'}
532,32000000000000000000,1670114435,1670200835,True,{'id': '0xd894c509f900982bc25e7ee665449d9b8b208d8a'}
533,30180000000000000000,1670201003,1670288159,True,{'id': '0x5eea118e75f247014c6d0e990f02a0c254edc852'}
534,29427000000000000000,1670288183,1670374775,True,{'id': '0xab04e02792d86c522a07b19548a928d01fee2fc2'}
535,22664400000000000000,1670374847,1670461439,True,{'id': '0xab04e02792d86c522a07b19548a928d01fee2fc2'}
536,32030000000000000000,1670461475,1670548079,True,{'id': '0x0fe61de274aed1803e66ba1b863d966079cb9116'}
537,29300000000000000000,1670548235,1670634911,True,{'id': '0xfa4fc4ec2f81a4897743c5b4f45907c02ce06199'}
538,29800000000000000000,1670635271,1670721671,True,{'id': '0x168cd7082a30c89af33d253bb0b27ed62b3e04a3'}
539,29990000000000000000,1670721935,1670808335,True,{'id': '0x5d837276ec1ddcbfe3f85d9414dffe4b641ebaff'}
541,32620000000000000000,1670808707,1670895371,True,{'id': '0xbff36a27ceca3cfa4930da9b446c3f98bf899426'}
542,30690000000000000000,1670895479,1670982131,True,{'id': '0x73222225044ce0fc672ff9b6f9730d0a0421382c'}
543,30200000000000000000,1670982275,1671069443,True,{'id': '0x3b502b054715a8e0d8f657169615a88b2ccdd429'}
544,31550000000000000000,1671069491,1671155891,True,{'id': '0x90ff3e82dbfd3179793ca4453881cc2a51512a33'}
545,34500000000000000000,1671156047,1671243407,True,{'id': '0xe969f33397633ef579a4b64fdc46c33034651d9f'}
546,29580000000000000000,1671244295,1671330887,True,{'id': '0xab04e02792d86c522a07b19548a928d01fee2fc2'}
547,33660000000000000000,1671331007,1671417995,True,{'id': '0xfea2bf9ccadb6fe6260d674d904c51a31a658105'}
548,36250000000000000000,1671418007,1671504407,True,{'id': '0xf9c298545da80df7767c4e5a9296a071f13702b8'}
549,31620000000000000000,1671504779,1671591659,True,{'id': '0x7b52af8238dc3b01559557f584e99b225db543eb'}
551,36450000000000000000,1671591671,1671678599,True,{'id': '0x4ad19b4df971584ce9b1fad1d16c8f145b386268'}
552,29410000000000000000,1671678611,1671765011,True,{'id': '0xbb0498661ea0b74b54219d4d1e9e08b3c73ae113'}
553,35900000000000000000,1671765323,1671851807,True,{'id': '0x8ae80e0b44205904be18869240c2ec62d2342785'}
554,32230000000000000000,1671852263,1671939887,True,{'id': '0xbab0c5d4ca403d63c808480da65be8b3a90f15b3'}
555,37000000000000000000,1671941075,1672027667,True,{'id': '0xe73f9c181b571cac2bf3173634d04a9921b7ffcf'}
556,31850000000000000000,1672027703,1672114103,True,{'id': '0x8ae80e0b44205904be18869240c2ec62d2342785'}
557,29330000000000000000,1672114439,1672200875,True,{'id': '0x81eaca3eb49d3aff173efd1a8eaeff5e1dea00d6'}
558,29330000000000000000,1672201787,1672288187,True,{'id': '0xeffec2d0163343c8f26983af1f6684e0b966a6b2'}
559,30500000000000000000,1672288835,1672375235,True,{'id': '0x8da24b480689314c6d217f2d0bad0daccc87ff44'}
561,29580000000000000000,1672375247,1672461839,True,{'id': '0xab04e02792d86c522a07b19548a928d01fee2fc2'}
562,29380000000000000000,1672462259,1672548659,True,{'id': '0xbe007333bd094664c8d3ddcac8801387da800b30'}
563,35000000000000000000,1672549211,1672635611,True,{'id': '0xab6ca2017548a170699890214bfd66583a0c1754'}
564,30885600000000000000,1672635623,1672722647,True,{'id': '0xab04e02792d86c522a07b19548a928d01fee2fc2'}
565,32500000000000000000,1672722887,1672809371,True,{'id': '0x1d3bc1f9d3f9770453949abd619592cd7583c5ed'}
566,34730000000000000000,1672809839,1672896887,True,{'id': '0x0478faec5bb44c02c3be28181de4d565ab139bbc'}
567,48880000000000000000,1672896995,1672985759,True,{'id': '0xa0c5ef87e5f88e8ff8dab67af96a1328ba7d8c28'}
568,36000000000000000000,1672986431,1673072831,True,{'id': '0xbfd8cba6a1e10e1ab4fa11a0062f4e52e13d260f'}
569,47840000000000000000,1673072951,1673159351,True,{'id': '0x9298b97de93784635900163e582a5d9e570f35a5'}
571,31000000000000000000,1673159531,1673246315,True,{'id': '0x88f09bdc8e99272588242a808052eb32702f88d0'}
572,33660000000000000000,1673246459,1673332859,True,{'id': '0x2478709280e8539da2527534f74f46ce053ae093'}
573,37230000000000000000,1673333003,1673419691,True,{'id': '0x2478709280e8539da2527534f74f46ce053ae093'}
574,34340000000000000000,1673419835,1673506235,True,{'id': '0x577ff1df8c33f95c6180bcd7b56251a9d1f3422c'}
575,39840000000000000000,1673506331,1673593103,True,{'id': '0xadfbcde3352965c23dfb79e8bdf92bd43dc20468'}
576,33310000000000000000,1673593259,1673679659,True,{'id': '0x0c4423f0fce4ff6619dda8b75b1149eca594f880'}
577,34680000000000000000,1673679683,1673766083,True,{'id': '0xad7bbe006c8d919ffcf6148b227bb692f7d1fbc7'}
578,33690000000000000000,1673766395,1673852795,True,{'id': '0xad7bbe006c8d919ffcf6148b227bb692f7d1fbc7'}
579,30600000000000000000,1673852963,1673939363,True,{'id': '0xd64aed4434c5c74917d672ad72f79c48996d2672'}
581,30000000000000000000,1673939675,1674026075,True,{'id': '0x56af52a9611afda072a73afd0e1ff4c4e35ee94a'}
582,30810000000000000000,1674026327,1674112727,True,{'id': '0x8ac3ecf6973e020cc0e6e8989fb71b4a77d65987'}
583,33330000000000000000,1674113303,1674199703,True,{'id': '0xa2113f1e9a66c3b0a75bb466bbbfeeec987ac92e'}
584,34310000000000000000,1674200123,1674286847,True,{'id': '0xd64aed4434c5c74917d672ad72f79c48996d2672'}
585,34000000000000000000,1674287411,1674373847,True,{'id': '0x1d3077f87ee7b08217e22f65fbe014ed06e51ddf'}
586,37210000000000000000,1674374651,1674461903,True,{'id': '0x90ce73cad357e796703df77c5d7762bc06026246'}
587,30090000000000000000,1674462191,1674548699,True,{'id': '0x2e32935bfd5b2718f99bc8fdf8b37c16811f7d97'}
588,34690000000000000000,1674548975,1674635519,True,{'id': '0x7b41b76d6c816ba19671c5120e957de9992e7199'}
589,36210000000000000000,1674636227,1674722627,True,{'id': '0xf566aebc0c9c2388f03461675cc0b3851e0d0e6d'}
591,31620000000000000000,1674722915,1674809315,True,{'id': '0xf566aebc0c9c2388f03461675cc0b3851e0d0e6d'}
592,36720000000000000000,1674810407,1674896807,True,{'id': '0xa587ed26f5bd03140f0fe1b8812b5d6a4991e903'}
593,31000000000000000000,1674896999,1674983399,True,{'id': '0x5606b493c51316a9e65c9b2a00bbf7ff92515a3e'}
594,30110000000000000000,1674985847,1675072247,True,{'id': '0x90dd9d99770fbdf2dea5cf367861e5eb41cfd222'}
595,34000000000000000000,1675072883,1675159283,True,{'id': '0x90ce73cad357e796703df77c5d7762bc06026246'}
596,27660000000000000000,1675159583,1675245983,True,{'id': '0xfbf3f340c62d4cbde3e241bc784c840aa3e5e80a'}
597,40800000000000000000,1675246115,1675332779,True,{'id': '0xd007058e9b58e74c33c6bf6fbcd38baab813cbb6'}
598,30550000000000000000,1675332791,1675419191,True,{'id': '0xf20c6789e9ec4a6a8ebee1c8e2756631b68e2d3d'}
599,45000000000000000000,1675419203,1675505603,True,{'id': '0xda5921614a824a6cc187175750b8b3dcb4dbe67d'}
601,34650000000000000000,1675506983,1675593779,True,{'id': '0x90ce73cad357e796703df77c5d7762bc06026246'}
602,36000000000000000000,1675594787,1675681187,True,{'id': '0x225e9b54f41f44f42150b6aaa730da5f2d23faf2'}
603,30590000000000000000,1675681295,1675767695,True,{'id': '0xf20c6789e9ec4a6a8ebee1c8e2756631b68e2d3d'}
604,27650000000000000000,1675767707,1675854107,True,{'id': '0x78d32460d0a53ac2678e869eb6b4f6ba9d2ef360'}
605,26550000000000000000,1675854131,1675940615,True,{'id': '0x2ed22ea03fea3e5bd90f6fdd52c20c26ff6e1300'}
606,26540000000000000000,1675940723,1676027123,True,{'id': '0x48466bc93df6563c2a638a4be20feca46a1e314e'}
607,51280000000000000000,1676027135,1676115311,True,{'id': '0xd007058e9b58e74c33c6bf6fbcd38baab813cbb6'}
608,25500000000000000000,1676115323,1676201723,True,{'id': '0x5606b493c51316a9e65c9b2a00bbf7ff92515a3e'}
609,28420690000000000000,1676201735,1676288135,True,{'id': '0x538c4f2afa012911851dadf0655cb61377e7a8eb'}
611,23200000000000000000,1676288147,1676374547,True,{'id': '0x32790dee22bed1916303e2c3f4253fc2cfc0c417'}
612,32000000000000000000,1676374559,1676462207,True,{'id': '0x7d02e5a16ba38d61ac5eca5c6536f23d09e3add0'}
613,27630000000000000000,1676462219,1676548619,True,{'id': '0xb556d285dcf5febaff944cb65f9dfe6dee8fb78e'}
614,26600000000000000000,1676548631,1676635031,True,{'id': '0x5606b493c51316a9e65c9b2a00bbf7ff92515a3e'}
615,25500000000000000000,1676635043,1676721443,True,{'id': '0xd3db398162a5e177bd093ac231dd28096f72da5e'}
616,27230000000000000000,1676721455,1676807855,True,{'id': '0x5606b493c51316a9e65c9b2a00bbf7ff92515a3e'}
617,26540000000000000000,1676808731,1676895131,True,{'id': '0x5606b493c51316a9e65c9b2a00bbf7ff92515a3e'}
618,26520000000000000000,1676895155,1676981735,True,{'id': '0x7358a259a7bfd03d1430887dad80498328f13c9c'}
619,25760000000000000000,1676981747,1677068147,True,{'id': '0x5606b493c51316a9e65c9b2a00bbf7ff92515a3e'}
621,26300000000000000000,1677068159,1677154559,True,{'id': '0x60dad8350bba2b4f2c8fbe5d1c2a25d79a1fc8d5'}
622,26220000000000000000,1677154571,1677240971,True,{'id': '0x5606b493c51316a9e65c9b2a00bbf7ff92515a3e'}
623,25000000000000000000,1677240983,1677327383,True,{'id': '0x5606b493c51316a9e65c9b2a00bbf7ff92515a3e'}
624,26000000000000000000,1677327407,1677414215,True,{'id': '0x00cda37bfc3dd20349aa901fe8646688218d8772'}
625,24440000000000000000,1677414227,1677500627,True,{'id': '0x9482c72cb018ee03d8c23395038b510ed4e6040c'}
626,26000000000000000000,1677500651,1677587051,True,{'id': '0xb556d285dcf5febaff944cb65f9dfe6dee8fb78e'}
627,42840000000000000000,1677587063,1677675143,True,{'id': '0x860c72a9c3c10547256f5bdb494f92a9a6b3334c'}
628,26010000000000000000,1677675155,1677761555,True,{'id': '0x54b174179ae825ed630da40b625bb3c883cd40ae'}
629,26630000000000000000,1677761567,1677847967,True,{'id': '0xb7b037e83f492750152f25c24547476f0fd7ba31'}
631,25500000000000000000,1677847979,1677934379,True,{'id': '0x41e72d30c967a595cc2c7dbc9e1ed98638f3b8c8'}
632,28500000000000000000,1677934391,1678021067,True,{'id': '0x0dbf836cb12b240e4029d4be55ff220f03121742'}
633,26540000000000000000,1678021079,1678107479,True,{'id': '0x345112915b6a0c6ee7c69644bcef7ac88e48acdb'}
634,26540000000000000000,1678107491,1678193891,True,{'id': '0x5606b493c51316a9e65c9b2a00bbf7ff92515a3e'}
635,30180000000000000000,1678194131,1678280531,True,{'id': '0xccdf56c5eb11b0b5e5796d37d1d48e5396be2872'}
636,27300000000000000000,1678280555,1678366955,True,{'id': '0xf4dfcd61c36fc3ac374e52206c43253e14c2ffe2'}
637,26000000000000000000,1678366991,1678453391,True,{'id': '0x5606b493c51316a9e65c9b2a00bbf7ff92515a3e'}
638,27510000000000000000,1678453463,1678540403,True,{'id': '0xd64aed4434c5c74917d672ad72f79c48996d2672'}
639,25200000000000000000,1678540415,1678626815,True,{'id': '0xef2bce91cc8d68813fd89eabc1f68ec10f87da17'}
641,26520000000000000000,1678626839,1678713239,True,{'id': '0xa490359fffabfad1c92b3a42b46a97a3ac747349'}
642,25430000000000000000,1678713251,1678799651,True,{'id': '0xd64aed4434c5c74917d672ad72f79c48996d2672'}
643,26010000000000000000,1678799663,1678886063,True,{'id': '0x0825cb1a6ab802cd2198ced1680f8220942dd947'}
644,25270000000000000000,1678886075,1678972727,True,{'id': '0x7de92ca2d0768cdba376aac853234d4eed8d8b5c'}
645,26010000000000000000,1678973135,1679059787,True,{'id': '0xe3d73daae939518c3853e0e8e532ae707cc1a436'}
646,27200000000000000000,1679060651,1679147051,True,{'id': '0xfa4fc4ec2f81a4897743c5b4f45907c02ce06199'}
647,26000000000000000000,1679147063,1679233463,True,{'id': '0xfa4fc4ec2f81a4897743c5b4f45907c02ce06199'}
648,27310000000000000000,1679233859,1679320259,True,{'id': '0xfa4fc4ec2f81a4897743c5b4f45907c02ce06199'}
649,36690000000000000000,1679320271,1679406803,True,{'id': '0x008c84421da5527f462886cec43d2717b686a7e4'}
651,33000000000000000000,1679406827,1679493995,True,{'id': '0x35a129234d48959514ded8f8a6446f7f78db8f7e'}
652,28000000000000000000,1679494007,1679580407,True,{'id': '0x73e24f3c9e8074a3aeff2c200012e25b76865d4b'}
653,27060000000000000000,1679580419,1679667035,True,{'id': '0xb0a2852750b15038cf9b5be255a483e3063162d7'}
654,26780000000000000000,1679667047,1679753591,True,{'id': '0x5606b493c51316a9e65c9b2a00bbf7ff92515a3e'}
655,26540000000000000000,1679753627,1679840027,True,{'id': '0x5606b493c51316a9e65c9b2a00bbf7ff92515a3e'}
656,27630000000000000000,1679840435,1679927147,True,{'id': '0x20a6f7dea8fe71bd2d890b23368ba2cca2aa8528'}
657,26700000000000000000,1679927807,1680014471,True,{'id': '0x600618b3018e2ada1913a72851aa86556086282d'}
658,51000000000000000000,1680015047,1680102347,True,{'id': '0xbfd8cba6a1e10e1ab4fa11a0062f4e52e13d260f'}
659,26224200000000000000,1680102815,1680189215,True,{'id': '0x03aaefbd2186ee851c5d06ce5f2b7fe12b75d6c9'}
661,26120000000000000000,1680189311,1680275711,True,{'id': '0xfa4fc4ec2f81a4897743c5b4f45907c02ce06199'}
662,27690000000000000000,1680276287,1680362687,True,{'id': '0x2adb7ff05a49f3064d3587dc1b5958dc5fffd286'}
663,28050000000000000000,1680363071,1680449831,True,{'id': '0xcc7344a557cdb86f7c713527c05eaf7906e1abab'}
664,25500000000000000000,1680450335,1680536795,True,{'id': '0x03aaefbd2186ee851c5d06ce5f2b7fe12b75d6c9'}
665,26010000000000000000,1680536939,1680623339,True,{'id': '0xe412186a1865c4fe54a79e0adcb08b81233df674'}
666,36000000000000000000,1680623927,1680710723,True,{'id': '0xbfd8cba6a1e10e1ab4fa11a0062f4e52e13d260f'}
667,30100000000000000000,1680710867,1680798251,True,{'id': '0x58eac704c243bf259a962e027717626cf8d7d52c'}
668,27000000000000000000,1680798803,1680885479,True,{'id': '0xd57db91ee451b818c44fd95a44b952ed5c0eb4e2'}
669,28620000000000000000,1680885971,1680972827,True,{'id': '0x7de92ca2d0768cdba376aac853234d4eed8d8b5c'}
671,28800000000000000000,1680973067,1681059467,True,{'id': '0xf8cdcd53d6d261c081d696fcf13b315434a821af'}
672,28100000000000000000,1681060031,1681146827,True,{'id': '0xcb84879f21ba61ebe5d0484e807b74a28947f9f0'}
673,27010000000000000000,1681147031,1681233431,True,{'id': '0x99a7edb791c290194b7d037b15e51c7aa500080a'}
674,27000000000000000000,1681233899,1681320551,True,{'id': '0x5e3cd5e01526cc3783ad7e97598909e2fefe4140'}
675,26010000000000000000,1681320659,1681407059,True,{'id': '0x8ac3ecf6973e020cc0e6e8989fb71b4a77d65987'}
676,24562737562894356173,1681407611,1681494011,True,{'id': '0xb16f24e94ffe751e283a30905a9b2606605c3a46'}
677,24969600000000000000,1681494575,1681580975,True,{'id': '0x3f09354832c67a27510601530c9e9f6ea39e2544'}
678,24800000000000000000,1681581131,1681668515,True,{'id': '0x5f188aed8f11b3c13142f8b8af991544a9908e15'}
679,25490000000000000000,1681668659,1681755059,True,{'id': '0x6e26a34a8ca973a4a5a41213b79cf2b0cb1a508d'}
681,25610000000000000000,1681755551,1681841951,True,{'id': '0x860b328060180b2a14ae5c018aba2dd42d7ab6ba'}
682,25610000000000000000,1681842551,1681928951,True,{'id': '0x860b328060180b2a14ae5c018aba2dd42d7ab6ba'}
683,25500000000000000000,1681928987,1682015387,True,{'id': '0x860b328060180b2a14ae5c018aba2dd42d7ab6ba'}
684,24684000000000000000,1682016227,1682102915,True,{'id': '0xea06e3be2ea9546cff256bec8bfcc928045004f9'}
685,26010000000000000000,1682103383,1682189783,True,{'id': '0x734c12e66cf608d1e35da62ee29b6509028dff53'}
686,25010000000000000000,1682190035,1682276435,True,{'id': '0x7de92ca2d0768cdba376aac853234d4eed8d8b5c'}
687,30000000000000000000,1682278355,1682364755,True,{'id': '0x3e5cabcccfee5ecc2be1d079f64da44d595309f3'}
688,26520000000000000000,1682364779,1682451179,True,{'id': '0x73e24f3c9e8074a3aeff2c200012e25b76865d4b'}
689,25500000000000000000,1682451539,1682537939,True,{'id': '0x860b328060180b2a14ae5c018aba2dd42d7ab6ba'}
691,25330000000000000000,1682538023,1682624423,True,{'id': '0x860b328060180b2a14ae5c018aba2dd42d7ab6ba'}
692,25000000000000000000,1682624759,1682711159,True,{'id': '0x9f9faa1270f807e0cbd025558e65dd453f152617'}
693,25080000000000000000,1682711327,1682797727,True,{'id': '0x860b328060180b2a14ae5c018aba2dd42d7ab6ba'}
694,25500000000000000000,1682798159,1682884559,True,{'id': '0xf74afa07c0d0cf2addad8252afa6b6f2cee8fdb4'}
695,27500000000000000000,1682884655,1682971643,True,{'id': '0x9f9faa1270f807e0cbd025558e65dd453f152617'}
696,28350000000000000000,1682971763,1683058343,True,{'id': '0x4f0762b2ef0266502daab2e2c90d0b9ad7f5bf92'}
697,25810000000000000000,1683058511,1683144911,True,{'id': '0x356c92581384eccf33267121eabce5c2066ebf68'}
698,24900000000000000000,1683145031,1683231563,True,{'id': '0x356c92581384eccf33267121eabce5c2066ebf68'}
699,24550000000000000000,1683232283,1683318911,True,{'id': '0x5606b493c51316a9e65c9b2a00bbf7ff92515a3e'}
701,25000000000000000000,1683320351,1683406751,True,{'id': '0xd9e424871cdf9ca51fcdaf694495c00aa39cef4b'}
702,25500000000000000000,1683406859,1683493259,True,{'id': '0x5606b493c51316a9e65c9b2a00bbf7ff92515a3e'}
703,23580000000000000000,1683493799,1683581123,True,{'id': '0xe412186a1865c4fe54a79e0adcb08b81233df674'}
704,22670000000000000000,1683581255,1683667787,True,{'id': '0x16b6936aefa8f70029bcf9ea97f7c72ea5ff9327'}
705,24690000000000000000,1683667931,1683754331,True,{'id': '0x00cda37bfc3dd20349aa901fe8646688218d8772'}
706,26540000000000000000,1683754415,1683840947,True,{'id': '0x741ad4e767c6aa4a9bc3966297306d50aa9ff254'}
707,24590000000000000000,1683841127,1683927527,True,{'id': '0xb15dbe75f3fc042e4eb93d2138ef44477bae7c8f'}
708,25500000000000000000,1683927947,1684014491,True,{'id': '0x82dbfb9be841d4c0066163c409e9b2dae6834ea1'}
709,24500000000000000000,1684014575,1684100975,True,{'id': '0xb15dbe75f3fc042e4eb93d2138ef44477bae7c8f'}
711,26120000000000000000,1684101239,1684187639,True,{'id': '0x520f977ff2fb5fc3a188b9b7821d583bc8741bc7'}
712,25500000000000000000,1684187879,1684274279,True,{'id': '0x860b328060180b2a14ae5c018aba2dd42d7ab6ba'}
713,25500000000000000000,1684274903,1684361315,True,{'id': '0x520f977ff2fb5fc3a188b9b7821d583bc8741bc7'}
714,26010000000000000000,1684362335,1684448735,True,{'id': '0x16b6936aefa8f70029bcf9ea97f7c72ea5ff9327'}
715,27090000000000000000,1684449347,1684535975,True,{'id': '0xe3d73daae939518c3853e0e8e532ae707cc1a436'}
716,26300000000000000000,1684536047,1684622447,True,{'id': '0x16b6936aefa8f70029bcf9ea97f7c72ea5ff9327'}
717,27060000000000000000,1684622999,1684709399,True,{'id': '0x520f977ff2fb5fc3a188b9b7821d583bc8741bc7'}
718,27820000000000000000,1684709759,1684796507,True,{'id': '0x5606b493c51316a9e65c9b2a00bbf7ff92515a3e'}
719,27950000000000000000,1684797503,1684884167,True,{'id': '0x683a42e5b414ae5cf79ece7e369ca5937fdcdc11'}
721,26630000000000000000,1684884659,1684971059,True,{'id': '0x356c92581384eccf33267121eabce5c2066ebf68'}
722,26520000000000000000,1684971239,1685057639,True,{'id': '0x860b328060180b2a14ae5c018aba2dd42d7ab6ba'}
723,26540000000000000000,1685058563,1685144963,True,{'id': '0x356c92581384eccf33267121eabce5c2066ebf68'}
724,26690000000000000000,1685145383,1685231867,True,{'id': '0x7fdda177cc70b317d90d6259e6d919f9ae60ab48'}
725,27060000000000000000,1685232275,1685318675,True,{'id': '0xb15dbe75f3fc042e4eb93d2138ef44477bae7c8f'}
726,26540000000000000000,1685318975,1685406107,True,{'id': '0xb15dbe75f3fc042e4eb93d2138ef44477bae7c8f'}
727,26250000000000000000,1685406407,1685492807,True,{'id': '0xaae8c50d76c76fb8947c9a203103d28b55862977'}
728,26520000000000000000,1685493119,1685579519,True,{'id': '0x356c92581384eccf33267121eabce5c2066ebf68'}
729,26520000000000000000,1685579939,1685666339,True,{'id': '0x16b6936aefa8f70029bcf9ea97f7c72ea5ff9327'}
731,26040000000000000000,1685667359,1685753759,True,{'id': '0xab42f2a5561d912fcbe46c21c1ca0680335a8c22'}
732,26780000000000000000,1685754155,1685840555,True,{'id': '0x16b6936aefa8f70029bcf9ea97f7c72ea5ff9327'}
733,26600000000000000000,1685841095,1685927495,True,{'id': '0x520f977ff2fb5fc3a188b9b7821d583bc8741bc7'}
734,27060000000000000000,1685927951,1686014351,True,{'id': '0x16b6936aefa8f70029bcf9ea97f7c72ea5ff9327'}
735,100000000000000000,1686014675,1686101075,False,{'id': '0xa54c11dc5c04ed8b95481d1cd8ec07695b1d5583'}
